{"(0, 0)": [69.2158292299741, 99.99999999999898, 99.99999999999898], "(16, 0)": [79.47073697450428, 59.26842769443221, 69.12701612003848], "(16, 4)": [54.66139815455133, 61.07242735442206, 55.906216322277515], "(8, 0)": [47.844191749039005, 44.41026360801805, 40.73365128771137], "(16, 8)": [66.36095990021579, 59.493557875793186, 61.05518867999555], "(16, 12)": [54.49155463105493, 64.6021442161571, 60.31070521466679], "(16, 15)": [60.77813429783417, 69.69494778371762, 65.0578654379174], "(31, 0)": [67.38987197814446, 65.90467037327957, 61.2173400816978], "(31, 4)": [73.29254446244525, 55.151235034944655, 65.33830645463345], "(31, 8)": [62.10545833609698, 28.386092327445976, 52.41221454987442], "(31, 12)": [33.18341680837019, 17.022878427473067, 26.25154111169401], "(15, 0)": [40.11716763991374, 36.29513482221609, 27.938138763813818], "(10, 4)": [33.87817977505452, 21.916408025746108, 29.235344213559408], "(8, 2)": [45.0593991568834, 56.00938678328286, 50.13681693136501], "(8, 6)": [32.60440326232406, 63.447369827144264, 55.983576531857835], "(23, 0)": [56.67480478251629, 40.455428596766694, 50.66343839158402], "(23, 2)": [43.59409744975305, 33.64370974352678, 39.8529601939695], "(23, 6)": [33.281934620217186, 37.3029469148623, 33.473284008406765], "(21, 7)": [23.045995729130695, 4.197820196550421, 12.964672675450139], "(21, 11)": [8.433677014807017, 2.5814952111881815, 2.4501250958259684], "(14, 0)": [15.001101111368811, 3.5723214161933705, 7.776636309133795], "(10, 15)": [35.39157629790837, 27.48477260943833, 31.24271822699811], "(10, 0)": [35.011674392339174, 28.921364912402346, 27.623168397022475], "(26, 3)": [17.04621915763288, 0.007275516796044692, 5.00865579118323], "(26, 7)": [0.021734999823224386, 0.01423018548057852, 0.0032309210484907707], "(13, 0)": [0.06414733216957073, 0.0016826970420927838, 0.005066787760079382], "(10, 8)": [18.36887120868469, 24.685222079884955, 21.589117800777164], "(8, 10)": [66.75480950477365, 35.995756992114906, 63.44547372383719], "(8, 14)": [34.3431653391626, 40.486611841065844, 35.78298628866294], "(21, 5)": [11.344980518863668, 19.273841685829506, 12.310012023522557], "(21, 9)": [23.837185696377283, 7.521815670740131, 11.631812106781913], "(21, 12)": [13.884661624098431, 10.366183328438252, 3.175711478043194], "(10, 12)": [21.9553072566788, 27.883465075141117, 24.49598202625492], "(17, 3)": [6.183037204630578, 0.4786956828727953, 0.6273219959898753], "(21, 0)": [29.997537295425307, 24.18219393978348, 23.496308946729776], "(21, 3)": [24.900116064960955, 15.993099417156232, 21.675895940176545], "(5, 0)": [5.67845385157356, 7.012244461939643, 4.3393562202830855], "(20, 4)": [0, 0.0005597206396693249, 0.0], "(21, 1)": [32.96361511902567, 15.276050417970339, 30.596837828201245], "(14, 2)": [0.3698392841272756, 1.9170371483425201, 1.0574153790009773], "(14, 6)": [8.086216048186134, 0.2869253660543724, 1.0434168626178066], "(23, 10)": [45.57420682104571, 42.289398691728934, 36.44267119769011], "(23, 14)": [36.287771969849274, 48.337470912696354, 35.185770471383776], "(15, 4)": [55.367483298540364, 21.12819202554092, 34.37608242597123], "(5, 2)": [17.872804064572325, 0.7461704449144333, 14.474546668543104], "(5, 6)": [0.5898892972355324, 0.836419304183812, 0.7317914346811898], "(5, 10)": [1.5399770049632813, 0.12252974351965698, 0.45342195829751397], "(5, 14)": [0.31261575078366366, 0, 0.048629116788569904], "(26, 11)": [0.08554773901725679, 0.018002818021382937, 0.012845766155652808], "(3, 8)": [0.5331694876827247, 0.0, 0.19398335861545923], "(3, 12)": [0.0, 0.0, 0.0], "(16, 2)": [0, 0.020209252379551346, 0.0], "(21, 15)": [9.187017364093446, 7.944145022436681, 1.7330982034059925], "(31, 15)": [7.053992221413435, 38.628142603523564, 11.992063202540029], "(26, 0)": [0.1388299010293822, 0.31633849386774826, 0.028470464448097345], "(14, 10)": [0.0031905220574856407, 1.260478246089406, 0.4027701141091086], "(14, 14)": [3.893411159866485, 0.5852273466939926, 0.6269853940728815], "(28, 3)": [0, 0, 0], "(17, 11)": [3.6231652207590086, 0.0, 0.6212397101229294], "(17, 12)": [0.047278303971850254, 0.1696431507677882, 0.004255047357466523], "(17, 8)": [6.200787078775063, 0.01153117833873428, 0.22060747784905438], "(15, 8)": [35.90680596082191, 6.4118163681948515, 8.296049761416823], "(17, 7)": [2.3165480840775756, 0.5586727201416509, 0.2700917959195897], "(17, 0)": [0.2401010176849687, 1.4500859378533302, 0.04348379595665386], "(13, 11)": [0, 0.0, 0], "(11, 2)": [0.42128264836557777, 0.0, 0.057927677504357095], "(11, 6)": [0.0, 0.0, 0.0], "(11, 10)": [0.0, 0, 0.0], "(13, 1)": [0, 0.0, 0], "(26, 1)": [18.139626092665615, 0.0, 9.576464261834358], "(17, 15)": [0.0, 0, 0.0], "(26, 4)": [0.0, 0.0, 0.0], "(3, 0)": [0.0, 0, 0], "(18, 2)": [0, 0.0, 0.0], "(17, 1)": [8.056291217492786, 0.012994586409591412, 2.4000946722152134], "(11, 5)": [0.9412259874506067, 0.0, 0], "(11, 9)": [0.0, 0, 0], "(11, 0)": [0.0, 0.0, 0.0], "(18, 0)": [0.01630689725163639, 0.0013208586773825477, 0], "(17, 5)": [1.2571003669835004, 0.0912125944867562, 0.12483416079714732], "(13, 15)": [0, 0, 0.0], "(15, 12)": [27.105979878478262, 3.424216931426092, 2.4389936999055144], "(18, 5)": [0.6532728943022671, 0.0, 0], "(20, 0)": [0.20383415181637732, 0.0, 0.019695742000897354], "(26, 15)": [0.08711239173751174, 0.028470464448097345, 0.01589712105547913], "(26, 8)": [0, 0.0, 0.0], "(26, 12)": [0, 0.028470464448097345, 0], "(13, 7)": [0, 0, 0], "(16, 6)": [0.22454724866168158, 0, 0.0], "(13, 12)": [0.07147282099214303, 0, 0], "(13, 5)": [0.0, 0, 0], "(4, 10)": [0, 0, 0], "(13, 3)": [0.1505829381799862, 0.0, 0], "(18, 9)": [0, 0.0, 0.0], "(18, 13)": [0, 0.0014676207526472752, 0], "(7, 1)": [0, 0.0, 0], "(7, 5)": [0, 0, 0], "(20, 8)": [0.006219118218548055, 0.0, 0], "(13, 9)": [0, 0.007147282099214303, 0.0006432553889292873], "(22, 0)": [0, 0, 0.0], "(18, 6)": [0.0, 0, 0], "(7, 0)": [0, 0, 0], "(28, 6)": [0, 0, 0], "(11, 1)": [0, 0, 0], "(20, 12)": [0, 0, 0]}